{
  "assembly": [
    "CommonUtilsCommand.dll"
  ],
  "javascript": [
    "Resources/Resource.js",
    "Resources/AddItemToArrayObjectCommand.js",
    "Resources/CreateArrayObjectCommand.js",
    "Resources/CreateObjectCommand.js",
    "Resources/SplitStringToArrayCommand.js"
  ],
  "css": [],
  "image": "Resources/PluginLogo.png",
  "description": "",
  "name": "CommonUtilsCommand",
  "name_cn": "通用工具库",
  "pluginType": "command",
  "guid": "cf186210-e611-4d55-95b6-0342700f099a",
  "version": "8.0.102.0",
  "dependenceVersion": "8.0.102.0"
}