{
  "assembly": [
    "LoopPluginCommand.dll"
  ],
  "javascript": [],
  "css": [],
  "image": "Resources/PluginLogo.png",
  "name": "LoopPluginCommand",
  "name_cn": "循环插件命令",
  "name_kr": "LoopPluginCommand",
  "description": "Break command and continue command used in loop command.",
  "description_cn": "循环命令中的break命令和continue命令。",
  "description_kr": "Break command and continue command used in loop command.",
  "pluginType": "command",
  "guid": "F0AF4C99-FFED-4E57-AA3D-662654858CB6",
  "version": "9.0.102.0",
  "dependenceVersion": "9.0.102.0"
}