{
  "assembly": [
    "ReloadListViewCommand.dll"
  ],
  "javascript": [
    "Resources/ReloadListViewCommand.js",
    "Resources/Resources.js"
  ],
  "css": [],
  "image": "Resources/PluginLogo.png",
  "description": "to reload the data and clear column filter settings of listview",
  "description_cn": "重载表格数据以及清除表格中的筛选项",
  "description_ja": "",
  "description_kr": "리스트뷰의 데이터를 새로고침할 수 있는 명령입니다.",
  "name": "ReloadListViewCommand",
  "name_cn": "表格重载命令",
  "name_ja": "",
  "name_kr": "리스트뷰 새로고침 명령",
  "pluginType": "command",
  "guid": "FBC38F0D-3D2E-4E39-A5C6-641C0539326B",
  "version": "8.0.5.0",
  "dependenceVersion": "8.0.3.0",
  "bundleJavaScript": true,
  "bundleCSS": true
}